[
  {
    "id": 1,
    "imgTitle": "B站十周年啦",
    "title": "年轻即B站",
    "icon": "chapter_1_icon",
    "uri": "https://www.bilibili.com/"
  },
  {
    "id": 2,
    "imgTitle": "简约时间",
    "title": "Mac时间fliqlo",
    "icon": "为你的手机设置息屏时间吧",
    "uri": "https://fliqlo.com/"
  },
  {
    "id": 3,
    "imgTitle": "想要更多图片来这就对了",
    "title": "图怪兽",
    "icon": "chapter_3_icon",
    "uri": "www.818ps.com"
  },
  {
    "id": 4,
    "imgTitle": "The best free stock photos&videos",
    "title": "Pexels",
    "icon": "chapter_4_icon",
    "uri": "https://www.pexels.com/"
  },
  {
    "id": 5,
    "imgTitle": "60625个精美图标",
    "title": "Easyicon",
    "icon": "chapter_5_icon",
    "uri": "https://www.easyicon.net/"
  },
  {
    "id": 6,
    "imgTitle": "Daily on your new tab page",
    "title": "Momentum",
    "icon": "chapter_6_icon",
    "uri": "https://momentumdash.com/"
  },
  {
    "id": 7,
    "imgTitle": "服务创建、启动与生命周期",
    "title": "RoboForm",
    "icon": "chapter_7_icon",
    "uri": "https://www.roboform.com/cn"
  },
  {
    "id": 8,
    "imgTitle": "拦截烦人的广告",
    "title": "Adblock Plus",
    "icon": "chapter_8_icon",
    "uri": "https://adblockplus.org/"
  },
  {
    "id": 9,
    "imgTitle": "更多的文字网站",
    "title": "鸠摩",
    "icon": "chapter_9_icon",
    "uri": "https://www.jiumodiary.com/"
  },
  {
    "id": 10,
    "imgTitle": "",
    "title": "VVV文档在线导出工具",
    "icon": "chapter_10_icon",
    "uri": "http://wenku.baiduvvv.com/doc/"
  }
]
