[
  {
    "id": 1,
    "title": "Berleo全（Berleo_Full)",
    "content": "爱给网",
    "background": "red1",
    "url":"R.raw.m1"
  },
  {
    "id": 2,
    "title": "Could You",
    "content": "dyalla",
    "background": "red2",
    "url":"raw/m2"
  },
  {
    "id": 3,
    "title": "game over!",
    "content": "Harris Cole",
    "background": "red1",
    "url":"raw/m3"
  },
  {
    "id": 4,
    "title": "forest night",
    "content": "LEON",
    "background": "red2",
    "url":"raw/m4"
  },
  {
    "id": 5,
    "title": "moom and stars",
    "content": "ROOK1E",
    "background": "red1",
    "url":"raw/m5"
  },
  {
    "id": 6,
    "title": "Natsu koi",
    "content": "Seto",
    "background": "red2",
    "url":"raw/m6"
  },
  {
    "id": 7,
    "title": "你曾少年",
    "content": "Cover:S.H.E",
    "background": "red1",
    "url":"raw/m7"
  },
  {
    "id": 8,
    "title": "One Love",
    "content": "真记子",
    "background": "red2",
    "url":"raw/m8"
  },
  {
    "id": 9,
    "title": "奉献",
    "content": "韩寒",
    "background": "red1",
    "url":"raw/m9"
  },
  {
    "id": 10,
    "title": "All About Love",
    "content": "所有关于爱",
    "background": "red2",
    "url":"raw/m10"
  }
]
